file,abc.assignments,abc.assignments_average,abc.assignments_max,abc.assignments_min,abc.branches,abc.branches_average,abc.branches_max,abc.branches_min,abc.conditions,abc.conditions_average,abc.conditions_max,abc.conditions_min,abc.magnitude,cognitive.average,cognitive.max,cognitive.min,cognitive.sum,cyclomatic.average,cyclomatic.max,cyclomatic.min,cyclomatic.sum,halstead.N1,halstead.N2,halstead.bugs,halstead.difficulty,halstead.effort,halstead.estimated_program_length,halstead.length,halstead.level,halstead.n1,halstead.n2,halstead.purity_ratio,halstead.time,halstead.vocabulary,halstead.volume,loc.blank,loc.blank_average,loc.blank_max,loc.blank_min,loc.cloc,loc.cloc_average,loc.cloc_max,loc.cloc_min,loc.lloc,loc.lloc_average,loc.lloc_max,loc.lloc_min,loc.ploc,loc.ploc_average,loc.ploc_max,loc.ploc_min,loc.sloc,loc.sloc_average,loc.sloc_max,loc.sloc_min,mi.mi_original,mi.mi_sei,mi.mi_visual_studio,nargs.average,nargs.average_closures,nargs.average_functions,nargs.closures_max,nargs.closures_min,nargs.functions_max,nargs.functions_min,nargs.total,nargs.total_closures,nargs.total_functions,nexits.average,nexits.max,nexits.min,nexits.sum,nom.average,nom.closures,nom.closures_average,nom.closures_max,nom.closures_min,nom.functions,nom.functions_average,nom.functions_max,nom.functions_min,nom.total
/home/dwaddington/ains4storage-explore/speckit/component-framework/crates/component-framework/src/lib.rs,0.0,0.0,0.0,0.0,0.0,0.0,0.0,0.0,0.0,0.0,0.0,0.0,0.0,,0.0,0.0,0.0,1.0,1.0,1.0,1.0,4.0,2.0,0.0017471609294725976,1.0,12.0,4.0,6.0,1.0,2.0,2.0,0.6666666666666666,0.6666666666666666,4.0,12.0,1.0,1.0,1.0,1.0,40.0,40.0,40.0,40.0,0.0,0.0,0.0,0.0,2.0,2.0,2.0,2.0,43.0,43.0,43.0,43.0,96.9170435468667,114.07600605529697,56.67663365313842,0.0,0.0,0.0,0.0,0.0,0.0,0.0,0.0,0.0,0.0,,0.0,0.0,0.0,0.0,0.0,0.0,0.0,0.0,0.0,0.0,0.0,0.0,0.0
/home/dwaddington/ains4storage-explore/speckit/component-framework/crates/component-framework/benches/actor_latency.rs,0.0,0.0,0.0,0.0,0.0,0.0,0.0,0.0,0.0,0.0,0.0,0.0,0.0,0.6,3.0,0.0,3.0,1.2857142857142858,2.0,1.0,9.0,109.0,52.0,0.1945329482338745,15.4375,14098.45866088628,240.71062275542812,161.0,0.06477732793522267,19.0,32.0,1.4950970357480007,783.2477033825711,51.0,913.2604800574107,7.0,1.0,2.0,0.0,1.0,0.14285714285714285,0.0,0.0,13.0,1.8571428571428572,9.0,2.0,32.0,4.571428571428571,19.0,5.0,40.0,5.714285714285714,21.0,5.0,73.72164290925984,43.69871649978822,43.11207187676014,1.0,0.6666666666666666,1.5,1.0,0.0,2.0,0.0,5.0,2.0,3.0,0.0,0.0,0.0,0.0,0.7142857142857143,3.0,0.42857142857142855,1.0,0.0,2.0,0.2857142857142857,1.0,0.0,5.0
/home/dwaddington/ains4storage-explore/speckit/component-framework/crates/component-core/src/interface.rs,0.0,0.0,0.0,0.0,0.0,0.0,0.0,0.0,0.0,0.0,0.0,0.0,0.0,,0.0,0.0,0.0,1.0,1.0,1.0,2.0,23.0,13.0,0.03432190999737612,7.428571428571429,1044.8141707113066,43.65148445440323,36.0,0.1346153846153846,8.0,7.0,1.2125412348445341,58.0452317061837,15.0,140.64806144190666,3.0,1.5,0.0,0.0,57.0,28.5,0.0,0.0,0.0,0.0,0.0,0.0,13.0,6.5,1.0,1.0,73.0,36.5,1.0,1.0,75.31400114305238,82.14264007867641,44.043275522252856,0.0,0.0,0.0,0.0,0.0,0.0,0.0,0.0,0.0,0.0,,0.0,0.0,0.0,0.0,0.0,0.0,0.0,0.0,0.0,0.0,0.0,0.0,0.0
/home/dwaddington/ains4storage-explore/speckit/component-framework/crates/component-framework/benches/binding.rs,0.0,0.0,0.0,0.0,0.0,0.0,0.0,0.0,0.0,0.0,0.0,0.0,0.0,0.0,0.0,0.0,0.0,1.1666666666666667,2.0,1.0,7.0,88.0,56.0,0.17808639950804006,15.35483870967742,12348.892569336482,223.0669539232489,144.0,0.06512605042016806,17.0,31.0,1.5490760689114507,686.0495871853601,48.0,804.2346001038464,7.0,1.1666666666666667,0.0,0.0,0.0,0.0,0.0,0.0,7.0,1.1666666666666667,5.0,0.0,45.0,7.5,15.0,5.0,52.0,8.666666666666666,15.0,5.0,70.59241846647214,26.85521906975636,41.28211606226441,0.75,0.5,1.0,1.0,0.0,1.0,0.0,3.0,1.0,2.0,0.25,1.0,0.0,1.0,0.6666666666666666,2.0,0.3333333333333333,1.0,0.0,2.0,0.3333333333333333,1.0,0.0,4.0
/home/dwaddington/ains4storage-explore/speckit/component-framework/crates/component-framework/benches/receptacle.rs,0.0,0.0,0.0,0.0,0.0,0.0,0.0,0.0,0.0,0.0,0.0,0.0,0.0,0.0,0.0,0.0,0.0,1.125,2.0,1.0,9.0,140.0,70.0,0.2709432550362192,18.91891891891892,23173.914380600458,279.1883364260184,210.0,0.05285714285714286,20.0,37.0,1.3294682686953256,1287.4396878111365,57.0,1224.9069029745956,7.0,0.875,2.0,0.0,0.0,0.0,0.0,0.0,12.0,1.5,10.0,0.0,42.0,5.25,19.0,5.0,49.0,6.125,21.0,5.0,68.90728653350851,24.62772730563495,40.296658791525445,0.8333333333333334,0.5,1.5,1.0,0.0,2.0,0.0,5.0,2.0,3.0,0.16666666666666666,1.0,0.0,1.0,0.75,4.0,0.5,1.0,0.0,2.0,0.25,1.0,0.0,6.0
/home/dwaddington/ains4storage-explore/speckit/component-framework/crates/component-framework/benches/method_dispatch.rs,0.0,0.0,0.0,0.0,0.0,0.0,0.0,0.0,0.0,0.0,0.0,0.0,0.0,0.0,0.0,0.0,0.0,1.1818181818181819,2.0,1.0,13.0,127.0,69.0,0.26439717973727195,19.714285714285715,22339.173933059286,265.9634674908211,196.0,0.05072463768115942,20.0,35.0,1.3569564667899034,1241.0652185032936,55.0,1133.1465038508334,10.0,0.9090909090909091,2.0,0.0,3.0,0.2727272727272727,2.0,0.0,7.0,0.6363636363636364,5.0,0.0,43.0,3.909090909090909,12.0,3.0,56.0,5.090909090909091,16.0,3.0,66.22898410431193,38.717743811901805,38.73040006100113,1.0,0.5,1.6666666666666667,1.0,0.0,2.0,0.0,7.0,2.0,5.0,0.2857142857142857,1.0,0.0,2.0,0.6363636363636364,4.0,0.36363636363636365,1.0,0.0,3.0,0.2727272727272727,1.0,0.0,7.0
/home/dwaddington/ains4storage-explore/speckit/component-framework/crates/component-framework/benches/component_ref.rs,0.0,0.0,0.0,0.0,0.0,0.0,0.0,0.0,0.0,0.0,0.0,0.0,0.0,0.0,0.0,0.0,0.0,1.1111111111111112,2.0,1.0,10.0,104.0,62.0,0.2080427236245423,17.103448275862068,15592.31781170345,204.88144885869957,166.0,0.058467741935483875,16.0,29.0,1.2342255955343349,866.2398784279694,45.0,911.647613990726,9.0,1.0,1.0,0.0,1.0,0.1111111111111111,1.0,0.0,12.0,1.3333333333333333,5.0,0.0,39.0,4.333333333333333,9.0,5.0,49.0,5.444444444444445,11.0,5.0,70.2131928289644,37.58912739506986,41.060346683604905,0.7142857142857143,0.5,1.0,1.0,0.0,1.0,0.0,5.0,2.0,3.0,0.14285714285714285,1.0,0.0,1.0,0.7777777777777778,4.0,0.4444444444444444,1.0,0.0,3.0,0.3333333333333333,1.0,0.0,7.0
/home/dwaddington/ains4storage-explore/speckit/component-framework/crates/component-macros/src/lib.rs,0.0,0.0,0.0,0.0,0.0,0.0,0.0,0.0,0.0,0.0,0.0,0.0,0.0,0.0,0.0,0.0,0.0,1.0,1.0,1.0,3.0,28.0,30.0,0.08060152740189279,15.0,3760.0774425520053,66.43856189774725,58.0,0.06666666666666667,10.0,10.0,1.1454924465128835,208.89319125288918,20.0,250.67182950346702,3.0,1.0,0.0,0.0,121.0,40.333333333333336,0.0,0.0,2.0,0.6666666666666666,1.0,1.0,12.0,4.0,4.0,4.0,136.0,45.333333333333336,4.0,4.0,61.999438767312185,63.7512599820303,36.25698173527029,1.0,0.0,1.0,0.0,0.0,1.0,0.0,2.0,0.0,2.0,1.0,1.0,0.0,2.0,0.6666666666666666,0.0,0.0,0.0,0.0,2.0,0.6666666666666666,1.0,0.0,2.0
/home/dwaddington/ains4storage-explore/speckit/component-framework/crates/component-framework/benches/registry.rs,0.0,0.0,0.0,0.0,0.0,0.0,0.0,0.0,0.0,0.0,0.0,0.0,0.0,0.0,0.0,0.0,0.0,1.0909090909090908,2.0,1.0,12.0,157.0,92.0,0.30727168552562806,18.595744680851062,27987.602438712824,341.77629878427706,249.0,0.05377574370709383,19.0,47.0,1.3725955774468959,1554.8668021507124,66.0,1505.0541357202549,8.0,0.7272727272727273,1.0,0.0,0.0,0.0,0.0,0.0,17.0,1.5454545454545454,9.0,0.0,65.0,5.909090909090909,19.0,5.0,73.0,6.636363636363637,19.0,5.0,60.688319488401746,13.075723886643004,35.490245314854825,0.7777777777777778,0.6666666666666666,1.0,1.0,0.0,1.0,0.0,7.0,4.0,3.0,0.1111111111111111,1.0,0.0,1.0,0.8181818181818182,6.0,0.5454545454545454,1.0,0.0,3.0,0.2727272727272727,1.0,0.0,9.0
/home/dwaddington/ains4storage-explore/speckit/component-framework/crates/component-framework/benches/channel_throughput.rs,0.0,0.0,0.0,0.0,0.0,0.0,0.0,0.0,0.0,0.0,0.0,0.0,0.0,2.3,6.0,0.0,23.0,1.5454545454545454,3.0,1.0,17.0,221.0,112.0,0.49957575026382584,28.622222222222224,58020.82583252524,351.17531432414665,333.0,0.03493788819875776,23.0,45.0,1.054580523495936,3223.379212918069,68.0,2027.125126136363,12.0,1.0909090909090908,4.0,4.0,7.0,0.6363636363636364,0.0,0.0,39.0,3.5454545454545454,20.0,17.0,61.0,5.545454545454546,30.0,25.0,80.0,7.2727272727272725,34.0,29.0,56.50642437211137,29.67093006902721,33.04469261526981,0.4,0.25,1.0,1.0,0.0,1.0,0.0,4.0,2.0,2.0,0.0,0.0,0.0,0.0,0.9090909090909091,8.0,0.7272727272727273,1.0,0.0,2.0,0.18181818181818182,1.0,0.0,10.0
/home/dwaddington/ains4storage-explore/speckit/component-framework/crates/component-framework/benches/query_interface.rs,0.0,0.0,0.0,0.0,0.0,0.0,0.0,0.0,0.0,0.0,0.0,0.0,0.0,0.0,0.0,0.0,0.0,1.125,2.0,1.0,9.0,124.0,66.0,0.2351650829527501,16.5,18738.77256017224,318.7159976350619,190.0,0.06060606060606061,21.0,42.0,1.6774526191319048,1041.042920009569,63.0,1135.6831854649843,7.0,0.875,2.0,0.0,0.0,0.0,0.0,0.0,8.0,1.0,6.0,0.0,37.0,4.625,15.0,5.0,44.0,5.5,17.0,5.0,71.04418162389996,27.71061525544272,41.54630504321635,0.8333333333333334,0.5,1.5,1.0,0.0,2.0,0.0,5.0,2.0,3.0,0.16666666666666666,1.0,0.0,1.0,0.75,4.0,0.5,1.0,0.0,2.0,0.25,1.0,0.0,6.0
/home/dwaddington/ains4storage-explore/speckit/component-framework/crates/component-core/src/binding.rs,0.0,0.0,0.0,0.0,0.0,0.0,0.0,0.0,0.0,0.0,0.0,0.0,0.0,0.2,1.0,0.0,1.0,1.5,4.0,1.0,9.0,90.0,44.0,0.22202094335456524,24.444444444444443,17189.878121812988,161.49721192370885,134.0,0.04090909090909091,20.0,18.0,1.2052030740575288,954.9932289896104,38.0,703.2222868014404,4.0,0.6666666666666666,3.0,3.0,30.0,5.0,5.0,5.0,4.0,0.6666666666666666,4.0,4.0,33.0,5.5,31.0,31.0,67.0,11.166666666666666,39.0,39.0,66.72447976164997,64.51357964419117,39.02016360330408,1.2,0.5,4.0,1.0,0.0,4.0,0.0,6.0,2.0,4.0,0.8,4.0,0.0,4.0,0.8333333333333334,4.0,0.6666666666666666,1.0,0.0,1.0,0.16666666666666666,1.0,0.0,5.0
/home/dwaddington/ains4storage-explore/speckit/component-framework/crates/component-core/src/iunknown.rs,0.0,0.0,0.0,0.0,0.0,0.0,0.0,0.0,0.0,0.0,0.0,0.0,0.0,0.0,0.0,0.0,0.0,1.6666666666666667,3.0,1.0,5.0,104.0,40.0,0.14128660885436334,11.03448275862069,8726.365195823153,204.88144885869957,144.0,0.090625,16.0,29.0,1.4227878392965247,484.7980664346196,45.0,790.8268458714732,7.0,2.3333333333333335,4.0,0.0,166.0,55.333333333333336,78.0,0.0,3.0,1.0,3.0,0.0,24.0,8.0,11.0,9.0,197.0,65.66666666666667,93.0,9.0,49.562088594459965,45.75939259201951,28.983677540619862,1.0,0.0,1.0,0.0,0.0,1.0,0.0,1.0,0.0,1.0,3.0,3.0,0.0,3.0,0.3333333333333333,0.0,0.0,0.0,0.0,1.0,0.3333333333333333,1.0,0.0,1.0
/home/dwaddington/ains4storage-explore/speckit/component-framework/crates/component-core/src/lib.rs,0.0,0.0,0.0,0.0,0.0,0.0,0.0,0.0,0.0,0.0,0.0,0.0,0.0,,0.0,0.0,0.0,1.0,1.0,1.0,1.0,54.0,68.0,0.04138756212811837,1.9615384615384615,1383.5238514442474,301.1777528455002,122.0,0.5098039215686275,3.0,52.0,2.468670105290985,76.86243619134707,55.0,705.3258850500085,2.0,2.0,2.0,2.0,16.0,16.0,16.0,16.0,0.0,0.0,0.0,0.0,28.0,28.0,28.0,28.0,46.0,46.0,46.0,46.0,74.6409776664838,71.67250793680233,43.64969454180339,0.0,0.0,0.0,0.0,0.0,0.0,0.0,0.0,0.0,0.0,,0.0,0.0,0.0,0.0,0.0,0.0,0.0,0.0,0.0,0.0,0.0,0.0,0.0
/home/dwaddington/ains4storage-explore/speckit/component-framework/crates/component-macros/src/define_interface.rs,0.0,0.0,0.0,0.0,0.0,0.0,0.0,0.0,0.0,0.0,0.0,0.0,0.0,3.25,13.0,0.0,13.0,2.8333333333333335,10.0,1.0,17.0,176.0,103.0,0.4049321609040755,24.677083333333332,42340.432378997284,372.1201250239268,279.0,0.04052342760658506,23.0,48.0,1.333763888974648,2352.246243277627,71.0,1715.7794463418063,14.0,2.3333333333333335,8.0,3.0,14.0,2.3333333333333335,3.0,0.0,20.0,3.3333333333333335,18.0,2.0,62.0,10.333333333333334,43.0,10.0,90.0,15.0,54.0,13.0,55.465445071773445,34.734562571725064,32.43593279051079,1.0,1.0,1.0,1.0,0.0,1.0,0.0,4.0,2.0,2.0,2.0,7.0,0.0,8.0,0.6666666666666666,2.0,0.3333333333333333,1.0,0.0,2.0,0.3333333333333333,1.0,0.0,4.0
/home/dwaddington/ains4storage-explore/speckit/component-framework/crates/component-core/src/component_ref.rs,0.0,0.0,0.0,0.0,0.0,0.0,0.0,0.0,0.0,0.0,0.0,0.0,0.0,0.0,0.0,0.0,0.0,1.25,2.0,1.0,45.0,424.0,223.0,0.8457214218290617,30.135135135135137,127797.65325795964,545.9381109542895,647.0,0.03318385650224215,20.0,74.0,0.8437992441333687,7099.869625442202,94.0,4240.818987035432,21.0,0.5833333333333334,2.0,0.0,43.0,1.1944444444444444,7.0,0.0,26.0,0.7222222222222222,10.0,0.0,153.0,4.25,41.0,1.0,217.0,6.027777777777778,43.0,1.0,30.06260210079988,4.064419967153491,17.58046906479525,1.0,0.0,1.0,0.0,0.0,3.0,0.0,25.0,0.0,25.0,0.68,1.0,0.0,17.0,0.6944444444444444,0.0,0.0,0.0,0.0,25.0,0.6944444444444444,1.0,0.0,25.0
/home/dwaddington/ains4storage-explore/speckit/component-framework/crates/component-framework/tests/registry.rs,0.0,0.0,0.0,0.0,0.0,0.0,0.0,0.0,0.0,0.0,0.0,0.0,0.0,0.2222222222222222,1.0,0.0,2.0,1.3636363636363635,3.0,1.0,15.0,254.0,135.0,0.5109599386305859,23.884615384615383,60015.324487792044,495.49583283616084,389.0,0.04186795491143318,23.0,65.0,1.2737682078050407,3334.184693766225,88.0,2512.7188996499085,12.0,1.0909090909090908,2.0,0.0,0.0,0.0,0.0,0.0,23.0,2.090909090909091,9.0,0.0,82.0,7.454545454545454,19.0,5.0,94.0,8.545454545454545,20.0,5.0,53.237197028608705,2.6314860430566256,31.132863759420296,0.5555555555555556,0.75,0.4,1.0,0.0,1.0,0.0,5.0,3.0,2.0,0.2222222222222222,1.0,0.0,2.0,0.8181818181818182,4.0,0.36363636363636365,1.0,0.0,5.0,0.45454545454545453,1.0,0.0,9.0
/home/dwaddington/ains4storage-explore/speckit/component-framework/examples/basic.rs,0.0,0.0,0.0,0.0,0.0,0.0,0.0,0.0,0.0,0.0,0.0,0.0,0.0,0.0,0.0,0.0,0.0,1.3333333333333333,2.0,1.0,8.0,121.0,63.0,0.2323253715406094,17.71875,18400.382142713042,235.0586500259616,184.0,0.0564373897707231,18.0,32.0,1.277492663184574,1022.2434523729468,50.0,1038.4695389185492,11.0,1.8333333333333333,3.0,0.0,7.0,1.1666666666666667,3.0,0.0,6.0,1.0,6.0,0.0,41.0,6.833333333333333,8.0,5.0,59.0,9.833333333333334,14.0,5.0,66.98727619111605,47.188404032035315,39.17384572579886,1.3333333333333333,0.0,1.3333333333333333,0.0,0.0,2.0,0.0,4.0,0.0,4.0,0.6666666666666666,1.0,0.0,2.0,0.5,0.0,0.0,0.0,0.0,3.0,0.5,1.0,0.0,3.0
/home/dwaddington/ains4storage-explore/speckit/component-framework/crates/component-core/src/receptacle.rs,0.0,0.0,0.0,0.0,0.0,0.0,0.0,0.0,0.0,0.0,0.0,0.0,0.0,0.13333333333333333,1.0,0.0,2.0,1.2727272727272727,2.0,1.0,28.0,408.0,160.0,0.8935287029670693,40.0,138785.675658,358.1257749679339,568.0,0.025,23.0,46.0,0.6305031249435457,7710.315314333333,69.0,3469.64189145,24.0,1.0909090909090908,4.0,0.0,105.0,4.7727272727272725,65.0,0.0,37.0,1.6818181818181819,11.0,0.0,106.0,4.818181818181818,33.0,1.0,235.0,10.681818181818182,102.0,1.0,33.72532000608359,18.812318921491844,19.722409360282803,0.4,0.0,0.4,0.0,0.0,2.0,0.0,6.0,0.0,6.0,0.6,2.0,0.0,9.0,0.6818181818181818,0.0,0.0,0.0,0.0,15.0,0.6818181818181818,1.0,0.0,15.0
/home/dwaddington/ains4storage-explore/speckit/component-framework/examples/introspection.rs,0.0,0.0,0.0,0.0,0.0,0.0,0.0,0.0,0.0,0.0,0.0,0.0,0.0,0.6666666666666666,2.0,0.0,2.0,1.6666666666666667,3.0,1.0,10.0,120.0,72.0,0.20929611830809008,14.048780487804878,15733.438352353833,283.65963218934144,192.0,0.07118055555555555,16.0,41.0,1.47739391765282,874.0799084641018,57.0,1119.9148827196304,12.0,2.0,4.0,0.0,5.0,0.8333333333333334,4.0,0.0,9.0,1.5,9.0,0.0,52.0,8.666666666666666,16.0,5.0,69.0,11.5,24.0,5.0,63.59823321361142,37.32248792046673,37.19194924772598,1.0,0.0,1.0,0.0,0.0,2.0,0.0,3.0,0.0,3.0,0.6666666666666666,1.0,0.0,2.0,0.5,0.0,0.0,0.0,0.0,3.0,0.5,1.0,0.0,3.0
/home/dwaddington/ains4storage-explore/speckit/component-framework/crates/component-framework/tests/channel_mpsc.rs,0.0,0.0,0.0,0.0,0.0,0.0,0.0,0.0,0.0,0.0,0.0,0.0,0.0,1.1428571428571428,3.0,0.0,8.0,2.375,5.0,1.0,19.0,280.0,139.0,0.562056406720043,25.782258064516128,69239.15131263471,473.20209623329754,419.0,0.03878636221457617,23.0,62.0,1.1293606115353163,3846.619517368595,85.0,2685.534802241697,14.0,1.75,4.0,0.0,1.0,0.125,0.0,0.0,42.0,5.25,17.0,3.0,80.0,10.0,30.0,6.0,95.0,11.875,34.0,6.0,51.799891479470745,8.878946407218155,30.2923341985209,0.0,0.0,0.0,0.0,0.0,0.0,0.0,0.0,0.0,0.0,0.0,0.0,0.0,0.0,0.875,2.0,0.25,1.0,0.0,5.0,0.625,1.0,0.0,7.0
/home/dwaddington/ains4storage-explore/speckit/component-framework/crates/component-framework/tests/actor_pipeline.rs,0.0,0.0,0.0,0.0,0.0,0.0,0.0,0.0,0.0,0.0,0.0,0.0,0.0,0.8,2.0,0.0,8.0,2.0,4.0,1.0,26.0,362.0,157.0,0.7449574915920697,31.93220338983051,105652.33992903894,457.1150399296564,519.0,0.03131634819532909,24.0,59.0,0.8807611559338274,5869.574440502163,83.0,3308.6454648690537,22.0,1.6923076923076923,9.0,0.0,17.0,1.3076923076923077,9.0,0.0,45.0,3.4615384615384617,26.0,1.0,96.0,7.384615384615385,44.0,5.0,133.0,10.23076923076923,61.0,5.0,43.6540144934046,16.22482916808148,25.52866344643544,0.7,0.5,1.0,1.0,0.0,2.0,0.0,7.0,3.0,4.0,0.0,0.0,0.0,0.0,0.7692307692307693,6.0,0.46153846153846156,1.0,0.0,4.0,0.3076923076923077,1.0,0.0,10.0
/home/dwaddington/ains4storage-explore/speckit/component-framework/examples/actor_fan_in.rs,0.0,0.0,0.0,0.0,0.0,0.0,0.0,0.0,0.0,0.0,0.0,0.0,0.0,1.5,3.0,0.0,9.0,2.125,4.0,1.0,17.0,260.0,117.0,0.5142885038670358,25.21551724137931,60602.718594241705,455.85930246176724,377.0,0.03965811965811966,25.0,58.0,1.209175868598852,3366.817699680095,83.0,2403.3898656177907,16.0,2.0,11.0,1.0,13.0,1.625,8.0,0.0,38.0,4.75,28.0,10.0,69.0,8.625,45.0,17.0,98.0,12.25,64.0,18.0,52.333422433866744,28.269964657143205,30.604340604600434,0.6666666666666666,0.3333333333333333,1.0,1.0,0.0,2.0,0.0,4.0,1.0,3.0,0.0,0.0,0.0,0.0,0.75,3.0,0.375,1.0,0.0,3.0,0.375,1.0,0.0,6.0
/home/dwaddington/ains4storage-explore/speckit/component-framework/crates/component-framework/tests/channel_spsc.rs,0.0,0.0,0.0,0.0,0.0,0.0,0.0,0.0,0.0,0.0,0.0,0.0,0.0,0.75,2.0,0.0,6.0,1.4444444444444444,3.0,1.0,13.0,348.0,175.0,0.6835368807391622,29.166666666666668,92859.17275757289,358.780560741802,523.0,0.03428571428571429,17.0,51.0,0.6860048962558355,5158.842930976271,68.0,3183.7430659739275,23.0,2.5555555555555554,3.0,2.0,4.0,0.4444444444444444,2.0,0.0,49.0,5.444444444444445,11.0,5.0,83.0,9.222222222222221,17.0,10.0,109.0,12.11111111111111,20.0,13.0,50.067937496476844,12.47729545786943,29.279495611974763,0.0,0.0,0.0,0.0,0.0,0.0,0.0,0.0,0.0,0.0,0.0,0.0,0.0,0.0,0.8888888888888888,2.0,0.2222222222222222,1.0,0.0,6.0,0.6666666666666666,1.0,0.0,8.0
/home/dwaddington/ains4storage-explore/speckit/component-framework/crates/component-framework/tests/interface_definition.rs,0.0,0.0,0.0,0.0,0.0,0.0,0.0,0.0,0.0,0.0,0.0,0.0,0.0,0.0,0.0,0.0,0.0,1.1176470588235294,2.0,1.0,19.0,315.0,141.0,0.566248205882288,24.805555555555557,70015.16886034484,391.4745478722554,456.0,0.040313549832026875,19.0,54.0,0.8584968155093321,3889.731603352491,73.0,2822.559998849288,14.0,0.8235294117647058,0.0,0.0,6.0,0.35294117647058826,1.0,0.0,16.0,0.9411764705882353,3.0,0.0,92.0,5.411764705882353,13.0,3.0,112.0,6.588235294117647,14.0,3.0,48.874240608689334,14.291060591293807,28.58142725654347,0.7857142857142857,0.0,0.7857142857142857,0.0,0.0,3.0,0.0,11.0,0.0,11.0,0.42857142857142855,1.0,0.0,6.0,0.8235294117647058,0.0,0.0,0.0,0.0,14.0,0.8235294117647058,1.0,0.0,14.0
/home/dwaddington/ains4storage-explore/speckit/component-framework/examples/tokio_ping_pong.rs,0.0,0.0,0.0,0.0,0.0,0.0,0.0,0.0,0.0,0.0,0.0,0.0,0.0,4.0,7.0,0.0,12.0,3.5,6.0,1.0,14.0,222.0,126.0,0.5554151333282698,30.413793103448278,68015.58616376702,474.36883553501207,348.0,0.032879818594104306,28.0,58.0,1.3631288377442876,3778.6436757648344,86.0,2236.3401346363303,13.0,3.25,9.0,9.0,13.0,3.25,5.0,5.0,32.0,8.0,32.0,32.0,72.0,18.0,58.0,58.0,98.0,24.5,72.0,72.0,53.398027956681815,29.500406187198124,31.226916933732056,0.0,0.0,0.0,0.0,0.0,0.0,0.0,0.0,0.0,0.0,0.0,0.0,0.0,0.0,0.75,2.0,0.5,1.0,0.0,1.0,0.25,1.0,0.0,3.0
/home/dwaddington/ains4storage-explore/speckit/component-framework/crates/component-core/src/component.rs,0.0,0.0,0.0,0.0,0.0,0.0,0.0,0.0,0.0,0.0,0.0,0.0,0.0,0.0,0.0,0.0,0.0,1.0769230769230769,2.0,1.0,14.0,241.0,128.0,0.4988799879767248,25.6,57899.659091268935,368.63137138648347,369.0,0.0390625,20.0,50.0,0.9990010064674348,3216.6477272927186,70.0,2261.7054332526927,13.0,1.0,3.0,0.0,34.0,2.6153846153846154,9.0,0.0,19.0,1.4615384615384615,7.0,0.0,69.0,5.3076923076923075,23.0,4.0,116.0,8.923076923076923,35.0,4.0,50.607691898393114,35.92544103630779,29.595141461048605,0.8,1.0,0.7777777777777778,1.0,0.0,4.0,0.0,8.0,1.0,7.0,0.4,1.0,0.0,4.0,0.7692307692307693,1.0,0.07692307692307693,1.0,0.0,9.0,0.6923076923076923,1.0,0.0,10.0
/home/dwaddington/ains4storage-explore/speckit/component-framework/crates/component-framework/tests/receptacle_wiring.rs,0.0,0.0,0.0,0.0,0.0,0.0,0.0,0.0,0.0,0.0,0.0,0.0,0.0,0.1,1.0,0.0,1.0,1.2307692307692308,2.0,1.0,16.0,429.0,206.0,0.8343840046740107,29.81578947368421,125236.47554994492,572.949986631733,635.0,0.033539276257722864,22.0,76.0,0.9022834435145403,6957.5819749969405,98.0,4200.340751013157,26.0,2.0,4.0,0.0,12.0,0.9230769230769231,3.0,0.0,43.0,3.3076923076923075,9.0,0.0,117.0,9.0,14.0,6.0,155.0,11.923076923076923,20.0,6.0,42.23332425860282,7.749446331782661,24.697850443627384,0.5,0.0,0.5555555555555556,0.0,0.0,2.0,0.0,5.0,0.0,5.0,0.2,1.0,0.0,2.0,0.7692307692307693,1.0,0.07692307692307693,1.0,0.0,9.0,0.6923076923076923,1.0,0.0,10.0
/home/dwaddington/ains4storage-explore/speckit/component-framework/crates/component-core/src/numa/mod.rs,0.0,0.0,0.0,0.0,0.0,0.0,0.0,0.0,0.0,0.0,0.0,0.0,0.0,0.2,1.0,0.0,1.0,2.125,8.0,1.0,17.0,187.0,148.0,0.4038417675490539,19.58823529411765,42169.52733592897,489.0061232309847,335.0,0.051051051051051045,18.0,68.0,1.4597197708387604,2342.7515186627206,86.0,2152.7986928252026,10.0,1.25,0.0,0.0,46.0,5.75,0.0,0.0,11.0,1.375,7.0,0.0,77.0,9.625,24.0,1.0,133.0,16.625,24.0,1.0,47.958819363289564,34.72848433787053,28.04609319490618,0.4,0.0,0.4,0.0,0.0,2.0,0.0,2.0,0.0,2.0,0.2,1.0,0.0,1.0,0.625,0.0,0.0,0.0,0.0,5.0,0.625,1.0,0.0,5.0
/home/dwaddington/ains4storage-explore/speckit/component-framework/crates/component-core/src/numa/allocator.rs,0.0,0.0,0.0,0.0,0.0,0.0,0.0,0.0,0.0,0.0,0.0,0.0,0.0,0.375,3.0,0.0,3.0,1.3,4.0,1.0,13.0,311.0,216.0,0.8708971206736378,38.57142857142857,133546.39350134434,545.1462159305157,527.0,0.02592592592592593,25.0,70.0,1.0344330473064816,7419.244083408019,95.0,3462.3139055904094,19.0,1.9,10.0,0.0,82.0,8.2,61.0,0.0,44.0,4.4,19.0,2.0,102.0,10.2,58.0,4.0,200.0,20.0,127.0,4.0,39.79885816438025,24.89562344283123,23.274186061041082,0.875,0.0,0.875,0.0,0.0,3.0,0.0,7.0,0.0,7.0,0.625,3.0,0.0,5.0,0.8,0.0,0.0,0.0,0.0,8.0,0.8,1.0,0.0,8.0
/home/dwaddington/ains4storage-explore/speckit/component-framework/examples/actor_log.rs,0.0,0.0,0.0,0.0,0.0,0.0,0.0,0.0,0.0,0.0,0.0,0.0,0.0,0.25,1.0,0.0,1.0,1.2,2.0,1.0,6.0,185.0,114.0,0.2788357587901707,13.933333333333334,24193.827762286783,285.1871371398456,299.0,0.07177033492822966,11.0,45.0,0.9538031342469753,1344.1015423492656,56.0,1736.3991216952236,16.0,3.2,14.0,14.0,17.0,3.4,5.0,5.0,34.0,6.8,34.0,34.0,53.0,10.6,51.0,51.0,86.0,17.2,70.0,70.0,58.66981615714235,41.332529484816774,34.309834010024765,0.75,1.0,0.0,1.0,0.0,0.0,0.0,3.0,3.0,0.0,0.0,0.0,0.0,0.0,0.8,3.0,0.6,1.0,0.0,1.0,0.2,1.0,0.0,4.0
/home/dwaddington/ains4storage-explore/speckit/component-framework/examples/actor_ping_pong.rs,0.0,0.0,0.0,0.0,0.0,0.0,0.0,0.0,0.0,0.0,0.0,0.0,0.0,1.0,2.0,0.0,7.0,2.3,4.0,1.0,23.0,313.0,162.0,0.6180203622652309,25.82608695652174,79833.66337965487,519.5956831277142,475.0,0.038720538720538725,22.0,69.0,1.0938856486899247,4435.203521091938,91.0,3091.2024540943808,19.0,1.9,12.0,0.0,20.0,2.0,14.0,0.0,42.0,4.2,33.0,4.0,103.0,10.3,60.0,13.0,142.0,14.2,86.0,13.0,43.636761389702215,17.05534576427489,25.518573912106557,0.8571428571428571,0.5,1.3333333333333333,1.0,0.0,2.0,0.0,6.0,2.0,4.0,0.0,0.0,0.0,0.0,0.7,4.0,0.4,1.0,0.0,3.0,0.3,1.0,0.0,7.0
/home/dwaddington/ains4storage-explore/speckit/component-framework/examples/actor_factory.rs,0.0,0.0,0.0,0.0,0.0,0.0,0.0,0.0,0.0,0.0,0.0,0.0,0.0,0.25,2.0,0.0,2.0,1.5555555555555556,5.0,1.0,14.0,290.0,170.0,0.5529571570837478,21.74418604651163,67564.5840623374,650.766264514401,460.0,0.045989304812834225,22.0,86.0,1.4147092706834803,3753.5880034631887,108.0,3107.2482509951956,25.0,2.7777777777777777,19.0,19.0,46.0,5.111111111111111,24.0,24.0,29.0,3.2222222222222223,29.0,29.0,91.0,10.11111111111111,76.0,76.0,161.0,17.88888888888889,118.0,118.0,43.64548669216846,25.52342082976591,25.52367642816869,0.75,0.8571428571428571,0.0,1.0,0.0,0.0,0.0,6.0,6.0,0.0,0.25,2.0,0.0,2.0,0.8888888888888888,7.0,0.7777777777777778,1.0,0.0,1.0,0.1111111111111111,1.0,0.0,8.0
/home/dwaddington/ains4storage-explore/speckit/component-framework/examples/actor_pipeline.rs,0.0,0.0,0.0,0.0,0.0,0.0,0.0,0.0,0.0,0.0,0.0,0.0,0.0,0.5555555555555556,2.0,0.0,5.0,1.75,4.0,1.0,21.0,298.0,133.0,0.543828340688961,23.983606557377048,65898.3645664606,459.8824732013566,431.0,0.041695146958304855,22.0,61.0,1.0670126988430548,3661.0202536922557,83.0,2747.6419949105243,18.0,1.5,11.0,0.0,17.0,1.4166666666666667,9.0,0.0,38.0,3.1666666666666665,31.0,3.0,82.0,6.833333333333333,51.0,7.0,116.0,9.666666666666666,70.0,7.0,47.98564739859707,23.611214149149433,28.061782104442727,0.8888888888888888,0.6,1.25,1.0,0.0,2.0,0.0,8.0,3.0,5.0,0.0,0.0,0.0,0.0,0.75,5.0,0.4166666666666667,1.0,0.0,4.0,0.3333333333333333,1.0,0.0,9.0
/home/dwaddington/ains4storage-explore/speckit/component-framework/examples/binding.rs,0.0,0.0,0.0,0.0,0.0,0.0,0.0,0.0,0.0,0.0,0.0,0.0,0.0,0.3333333333333333,2.0,0.0,3.0,1.6923076923076923,5.0,1.0,22.0,411.0,223.0,0.8002528067168376,27.255555555555556,117631.24432770922,682.3742742796913,634.0,0.036689767631471665,22.0,90.0,1.0763001171603965,6535.069129317179,112.0,4315.863020584521,34.0,2.6153846153846154,8.0,0.0,29.0,2.230769230769231,12.0,0.0,36.0,2.769230769230769,15.0,1.0,143.0,11.0,52.0,4.0,206.0,15.846153846153847,72.0,4.0,36.10413260650236,6.080342198317247,21.11352784005986,0.8888888888888888,1.0,0.8333333333333334,1.0,0.0,2.0,0.0,8.0,3.0,5.0,0.1111111111111111,1.0,0.0,1.0,0.6923076923076923,3.0,0.23076923076923078,1.0,0.0,6.0,0.46153846153846156,1.0,0.0,9.0
/home/dwaddington/ains4storage-explore/speckit/component-framework/examples/wiring.rs,0.0,0.0,0.0,0.0,0.0,0.0,0.0,0.0,0.0,0.0,0.0,0.0,0.0,1.0,2.0,0.0,4.0,2.142857142857143,5.0,1.0,15.0,234.0,116.0,0.5098455990029449,27.791666666666668,59819.10271034867,372.1201250239268,350.0,0.035982008995502246,23.0,48.0,1.0632003572112194,3323.2834839082593,71.0,2152.4114918266387,20.0,2.857142857142857,7.0,0.0,16.0,2.2857142857142856,6.0,1.0,15.0,2.142857142857143,13.0,1.0,75.0,10.714285714285714,24.0,6.0,111.0,15.857142857142858,37.0,7.0,51.34902133202104,27.6494684849063,30.02866744562634,1.75,0.0,1.75,0.0,0.0,3.0,0.0,7.0,0.0,7.0,1.0,2.0,0.0,4.0,0.5714285714285714,0.0,0.0,0.0,0.0,4.0,0.5714285714285714,1.0,0.0,4.0
/home/dwaddington/ains4storage-explore/speckit/component-framework/crates/component-framework/tests/binding.rs,0.0,0.0,0.0,0.0,0.0,0.0,0.0,0.0,0.0,0.0,0.0,0.0,0.0,0.4444444444444444,1.0,0.0,4.0,1.9166666666666667,4.0,1.0,23.0,404.0,242.0,0.9127692385183434,34.08450704225352,143292.47206923136,523.0706073825796,646.0,0.029338842975206614,20.0,71.0,0.8097068225736527,7960.6928927350755,91.0,4204.035337568358,31.0,2.5833333333333335,3.0,0.0,6.0,0.5,1.0,0.0,41.0,3.4166666666666665,9.0,0.0,135.0,11.25,12.0,5.0,172.0,14.333333333333334,14.0,5.0,38.932828759775305,-2.9245373185427983,22.767736116827663,0.4444444444444444,0.0,0.4444444444444444,0.0,0.0,2.0,0.0,4.0,0.0,4.0,0.2222222222222222,1.0,0.0,2.0,0.75,0.0,0.0,0.0,0.0,9.0,0.75,1.0,0.0,9.0
/home/dwaddington/ains4storage-explore/speckit/component-framework/crates/component-core/src/error.rs,0.0,0.0,0.0,0.0,0.0,0.0,0.0,0.0,0.0,0.0,0.0,0.0,0.0,0.2727272727272727,1.0,0.0,3.0,1.7222222222222223,5.0,1.0,31.0,239.0,169.0,0.5541301891466359,27.10377358490566,67779.69324466621,373.0666523931053,408.0,0.03689523146536721,17.0,53.0,0.9143790499831013,3765.538513592567,70.0,2500.7474709135463,16.0,0.8888888888888888,0.0,0.0,42.0,2.3333333333333335,0.0,0.0,15.0,0.8333333333333334,4.0,0.0,131.0,7.277777777777778,31.0,1.0,189.0,10.5,31.0,1.0,38.26710459245909,16.017862233271188,22.37842373828017,0.5454545454545454,0.0,0.5454545454545454,0.0,0.0,2.0,0.0,6.0,0.0,6.0,0.2727272727272727,1.0,0.0,3.0,0.6111111111111112,0.0,0.0,0.0,0.0,11.0,0.6111111111111112,1.0,0.0,11.0
/home/dwaddington/ains4storage-explore/speckit/component-framework/crates/component-framework/tests/binding_enforcement.rs,0.0,0.0,0.0,0.0,0.0,0.0,0.0,0.0,0.0,0.0,0.0,0.0,0.0,0.21428571428571427,1.0,0.0,3.0,1.4,3.0,1.0,21.0,606.0,243.0,0.9901252632510422,29.16,161888.90842119174,542.2200518131526,849.0,0.03429355281207133,18.0,75.0,0.6386573048447027,8993.828245621764,93.0,5551.745830630718,26.0,1.7333333333333334,3.0,0.0,8.0,0.5333333333333333,3.0,0.0,58.0,3.8666666666666667,7.0,3.0,133.0,8.866666666666667,13.0,5.0,166.0,11.066666666666666,15.0,6.0,38.522085677587455,-1.308316072709708,22.527535483969274,0.07142857142857142,1.0,0.0,1.0,0.0,0.0,0.0,1.0,1.0,0.0,0.0,0.0,0.0,0.0,0.9333333333333333,1.0,0.06666666666666667,1.0,0.0,13.0,0.8666666666666667,1.0,0.0,14.0
/home/dwaddington/ains4storage-explore/speckit/component-framework/crates/component-framework/tests/component_ref.rs,0.0,0.0,0.0,0.0,0.0,0.0,0.0,0.0,0.0,0.0,0.0,0.0,0.0,0.06666666666666667,1.0,0.0,1.0,1.25,2.0,1.0,25.0,430.0,254.0,0.9070087626366706,30.369565217391305,141938.13885337152,698.2751955672658,684.0,0.0329277022190408,22.0,92.0,1.0208701689579909,7885.45215852064,114.0,4673.696769688683,27.0,1.35,11.0,0.0,14.0,0.7,6.0,0.0,43.0,2.15,16.0,0.0,156.0,7.8,53.0,5.0,196.0,9.8,67.0,5.0,35.80607320797007,-1.382580015671369,20.939224098228113,0.8666666666666667,0.6666666666666666,0.9166666666666666,1.0,0.0,3.0,0.0,13.0,2.0,11.0,0.4666666666666667,1.0,0.0,7.0,0.75,3.0,0.15,1.0,0.0,12.0,0.6,1.0,0.0,15.0
/home/dwaddington/ains4storage-explore/speckit/component-framework/crates/component-framework/tests/component_iunknown.rs,0.0,0.0,0.0,0.0,0.0,0.0,0.0,0.0,0.0,0.0,0.0,0.0,0.0,0.0,0.0,0.0,0.0,1.15,2.0,1.0,23.0,442.0,219.0,0.8175958067016539,27.72151898734177,121475.82721089925,584.4372410037383,661.0,0.036073059360730596,20.0,79.0,0.8841713177061095,6748.657067272181,99.0,4382.004725872622,16.0,0.8,0.0,0.0,8.0,0.4,1.0,0.0,30.0,1.5,6.0,0.0,108.0,5.4,8.0,4.0,131.0,6.55,8.0,4.0,43.128443051271944,7.539918851242774,25.221311725890025,1.0,1.0,1.0,1.0,0.0,3.0,0.0,16.0,2.0,14.0,0.25,1.0,0.0,4.0,0.8,2.0,0.1,1.0,0.0,14.0,0.7,1.0,0.0,16.0
/home/dwaddington/ains4storage-explore/speckit/component-framework/examples/numa_pinning.rs,0.0,0.0,0.0,0.0,0.0,0.0,0.0,0.0,0.0,0.0,0.0,0.0,0.0,3.6,11.0,0.0,18.0,3.5714285714285716,9.0,1.0,25.0,481.0,251.0,1.0569856332712344,34.79207920792079,178560.54737928667,807.0852975755441,732.0,0.028742174160500854,28.0,101.0,1.1025755431359892,9920.03040996037,129.0,5132.218350969822,24.0,3.4285714285714284,10.0,10.0,27.0,3.857142857142857,11.0,4.0,69.0,9.857142857142858,41.0,28.0,128.0,18.285714285714285,85.0,36.0,179.0,25.571428571428573,99.0,57.0,36.78922493209882,8.221426834046078,21.514166626958374,1.0,0.5,1.3333333333333333,1.0,0.0,2.0,0.0,5.0,1.0,4.0,1.0,5.0,0.0,5.0,0.7142857142857143,2.0,0.2857142857142857,1.0,0.0,3.0,0.42857142857142855,1.0,0.0,5.0
/home/dwaddington/ains4storage-explore/speckit/component-framework/crates/component-framework/tests/assembly.rs,0.0,0.0,0.0,0.0,0.0,0.0,0.0,0.0,0.0,0.0,0.0,0.0,0.0,0.15384615384615385,1.0,0.0,2.0,1.411764705882353,3.0,1.0,24.0,498.0,262.0,1.0961522906455192,37.42857142857143,188576.7843128931,580.650059243528,760.0,0.026717557251908396,22.0,77.0,0.7640132358467473,10476.488017382952,99.0,5038.311031260503,32.0,1.8823529411764706,7.0,0.0,9.0,0.5294117647058824,4.0,0.0,37.0,2.176470588235294,13.0,1.0,167.0,9.823529411764707,38.0,6.0,208.0,12.235294117647058,47.0,6.0,34.68278691014008,-7.3853332662060485,20.28233152639771,1.0,1.0,1.0,1.0,0.0,2.0,0.0,13.0,7.0,6.0,0.23076923076923078,1.0,0.0,3.0,0.7647058823529411,7.0,0.4117647058823529,1.0,0.0,6.0,0.35294117647058826,1.0,0.0,13.0
/home/dwaddington/ains4storage-explore/speckit/component-framework/crates/component-core/tests/numa_integration.rs,0.0,0.0,0.0,0.0,0.0,0.0,0.0,0.0,0.0,0.0,0.0,0.0,0.0,0.5789473684210527,2.0,0.0,11.0,1.625,3.0,1.0,39.0,669.0,324.0,1.477105624741117,43.08510638297872,294984.5091256106,732.227756802066,993.0,0.023209876543209877,25.0,94.0,0.7373894831843565,16388.028284756143,119.0,6846.554038964789,35.0,1.4583333333333333,5.0,0.0,15.0,0.625,2.0,0.0,80.0,3.3333333333333335,15.0,2.0,176.0,7.333333333333333,31.0,4.0,225.0,9.375,37.0,4.0,28.365369611983624,-11.336382287614938,16.587935445604458,0.6842105263157895,1.0,0.5714285714285714,1.0,0.0,2.0,0.0,13.0,5.0,8.0,0.10526315789473684,1.0,0.0,2.0,0.7916666666666666,5.0,0.20833333333333334,1.0,0.0,14.0,0.5833333333333334,1.0,0.0,19.0
/home/dwaddington/ains4storage-explore/speckit/component-framework/crates/component-framework/benches/numa_throughput_benchmark.rs,0.0,0.0,0.0,0.0,0.0,0.0,0.0,0.0,0.0,0.0,0.0,0.0,0.0,5.2,11.0,0.0,78.0,2.4375,8.0,1.0,39.0,584.0,315.0,1.6364346438344426,57.46621621621622,343977.3763923163,587.881511614956,899.0,0.017401528512639625,27.0,74.0,0.65392826653499,19109.854244017573,101.0,5985.732122993863,23.0,1.4375,18.0,0.0,11.0,0.6875,3.0,0.0,99.0,6.1875,97.0,0.0,167.0,10.4375,156.0,3.0,201.0,12.5625,177.0,3.0,30.89136401794994,-9.436477057321106,18.06512515669587,1.0666666666666667,1.0,1.5,2.0,0.0,2.0,0.0,16.0,13.0,3.0,0.26666666666666666,3.0,0.0,4.0,0.9375,13.0,0.8125,1.0,0.0,2.0,0.125,1.0,0.0,15.0
/home/dwaddington/ains4storage-explore/speckit/component-framework/crates/component-core/src/registry.rs,0.0,0.0,0.0,0.0,0.0,0.0,0.0,0.0,0.0,0.0,0.0,0.0,0.0,0.10714285714285714,1.0,0.0,3.0,1.2647058823529411,5.0,1.0,43.0,640.0,302.0,1.4068229338278047,42.215053763440864,274183.32661827595,730.3532021047153,942.0,0.02368823229750382,26.0,93.0,0.7753218705994854,15232.407034348664,119.0,6494.918333036083,25.0,0.7352941176470589,6.0,0.0,83.0,2.4411764705882355,48.0,0.0,51.0,1.5,13.0,0.0,194.0,5.705882352941177,55.0,3.0,302.0,8.882352941176471,109.0,3.0,22.951450471460163,-1.9219400133154068,13.421900860503019,0.7857142857142857,0.5,0.8333333333333334,1.0,0.0,3.0,0.0,22.0,2.0,20.0,0.5714285714285714,2.0,0.0,16.0,0.8235294117647058,4.0,0.11764705882352941,1.0,0.0,24.0,0.7058823529411765,1.0,0.0,28.0
/home/dwaddington/ains4storage-explore/speckit/component-framework/crates/component-framework/benches/channel_spsc_benchmark.rs,0.0,0.0,0.0,0.0,0.0,0.0,0.0,0.0,0.0,0.0,0.0,0.0,0.0,0.35714285714285715,2.0,0.0,10.0,1.206896551724138,2.0,1.0,35.0,821.0,336.0,1.7895975921879161,53.333333333333336,393382.43317698094,463.00719707824203,1157.0,0.01875,20.0,63.0,0.400179081312223,21854.579620943387,83.0,7375.920622068392,19.0,0.6551724137931034,6.0,0.0,18.0,0.6206896551724138,5.0,0.0,86.0,2.9655172413793105,34.0,8.0,167.0,5.758620689655173,59.0,18.0,204.0,7.0344827586206895,70.0,18.0,30.485380881376244,-5.950624732985041,17.827708117763887,1.0,0.8333333333333334,2.0,2.0,0.0,3.0,0.0,28.0,20.0,8.0,0.0,0.0,0.0,0.0,0.9655172413793104,24.0,0.8275862068965517,1.0,0.0,4.0,0.13793103448275862,1.0,0.0,28.0
/home/dwaddington/ains4storage-explore/speckit/component-framework/crates/component-framework/tests/actor.rs,0.0,0.0,0.0,0.0,0.0,0.0,0.0,0.0,0.0,0.0,0.0,0.0,0.0,0.2727272727272727,3.0,0.0,9.0,1.3255813953488371,2.0,1.0,57.0,1049.0,482.0,2.1805697004981517,48.2,529098.8795414343,938.86597149033,1531.0,0.02074688796680498,24.0,120.0,0.613237081313083,29394.382196746352,144.0,10977.15517720818,63.0,1.4651162790697674,7.0,1.0,13.0,0.3023255813953488,4.0,0.0,109.0,2.5348837209302326,18.0,4.0,246.0,5.72093023255814,39.0,10.0,321.0,7.465116279069767,48.0,11.0,16.01408153643773,-31.45682057315678,9.364959962829081,0.9696969696969697,0.9090909090909091,1.0,1.0,0.0,2.0,0.0,32.0,10.0,22.0,0.0,0.0,0.0,0.0,0.7674418604651163,11.0,0.2558139534883721,1.0,0.0,22.0,0.5116279069767442,1.0,0.0,33.0
/home/dwaddington/ains4storage-explore/speckit/component-framework/crates/component-framework/benches/numa_latency_benchmark.rs,0.0,0.0,0.0,0.0,0.0,0.0,0.0,0.0,0.0,0.0,0.0,0.0,0.0,6.133333333333334,13.0,0.0,92.0,2.6875,8.0,1.0,43.0,679.0,398.0,2.0094737345285707,63.964285714285715,468064.15448263515,665.3366260718295,1077.0,0.015633724176437745,27.0,84.0,0.6177684550341964,26003.564137924175,111.0,7317.585888059064,27.0,1.6875,22.0,0.0,13.0,0.8125,5.0,0.0,122.0,7.625,120.0,0.0,196.0,12.25,183.0,3.0,236.0,14.75,210.0,3.0,26.326138828179566,-15.560050415186172,15.395402823496822,1.0666666666666667,1.0,1.5,2.0,0.0,2.0,0.0,16.0,13.0,3.0,0.26666666666666666,3.0,0.0,4.0,0.9375,13.0,0.8125,1.0,0.0,2.0,0.125,1.0,0.0,15.0
/home/dwaddington/ains4storage-explore/speckit/component-framework/crates/component-framework/benches/channel_latency_benchmark.rs,0.0,0.0,0.0,0.0,0.0,0.0,0.0,0.0,0.0,0.0,0.0,0.0,0.0,0.0,0.0,0.0,0.0,1.0,1.0,1.0,24.0,753.0,226.0,1.2585097349318346,39.204081632653065,231988.65714527655,344.60765066290094,979.0,0.02550754815200416,17.0,49.0,0.3519996431694596,12888.258730293142,66.0,5917.461842851926,18.0,0.75,6.0,0.0,11.0,0.4583333333333333,0.0,0.0,58.0,2.4166666666666665,27.0,2.0,106.0,4.416666666666667,44.0,4.0,135.0,5.625,50.0,4.0,40.84910154476094,7.072817085257363,23.88836347646839,0.6086956521739131,0.5,1.3333333333333333,1.0,0.0,2.0,0.0,14.0,10.0,4.0,0.0,0.0,0.0,0.0,0.9583333333333334,20.0,0.8333333333333334,1.0,0.0,3.0,0.125,1.0,0.0,23.0
/home/dwaddington/ains4storage-explore/speckit/component-framework/crates/component-core/src/channel/crossbeam_unbounded.rs,0.0,0.0,0.0,0.0,0.0,0.0,0.0,0.0,0.0,0.0,0.0,0.0,0.0,0.46875,5.0,0.0,15.0,1.4523809523809523,4.0,1.0,61.0,902.0,382.0,1.9376822745993774,47.75,443206.1027329929,976.0335893412778,1284.0,0.020942408376963352,30.0,120.0,0.7601507705150139,24622.56126294405,150.0,9281.80319859671,36.0,0.8571428571428571,4.0,0.0,101.0,2.4047619047619047,34.0,0.0,70.0,1.6666666666666667,15.0,0.0,250.0,5.9523809523809526,50.0,1.0,387.0,9.214285714285714,78.0,1.0,12.937302164007534,-15.257414469136954,7.565673780121364,0.625,0.5,0.6666666666666666,1.0,0.0,3.0,0.0,20.0,4.0,16.0,0.46875,2.0,0.0,15.0,0.7619047619047619,8.0,0.19047619047619047,1.0,0.0,24.0,0.5714285714285714,1.0,0.0,32.0
/home/dwaddington/ains4storage-explore/speckit/component-framework/crates/component-core/src/numa/topology.rs,0.0,0.0,0.0,0.0,0.0,0.0,0.0,0.0,0.0,0.0,0.0,0.0,0.0,0.631578947368421,8.0,0.0,24.0,1.6585365853658536,8.0,1.0,68.0,725.0,391.0,1.7167296881085818,46.0,369602.3794945196,955.0892516512582,1116.0,0.021739130434782608,28.0,119.0,0.8558147416229912,20533.465527473312,147.0,8034.834336837383,38.0,0.926829268292683,5.0,0.0,177.0,4.317073170731708,75.0,0.0,65.0,1.5853658536585367,12.0,0.0,220.0,5.365853658536586,43.0,3.0,435.0,10.609756097560975,123.0,3.0,10.183377662979368,-12.333570181015538,5.955191615777408,0.6842105263157895,1.0,0.5384615384615384,1.0,0.0,2.0,0.0,26.0,12.0,14.0,0.6578947368421053,7.0,0.0,25.0,0.926829268292683,12.0,0.2926829268292683,1.0,0.0,26.0,0.6341463414634146,1.0,0.0,38.0
/home/dwaddington/ains4storage-explore/speckit/component-framework/crates/component-core/src/channel/kanal_bounded.rs,0.0,0.0,0.0,0.0,0.0,0.0,0.0,0.0,0.0,0.0,0.0,0.0,0.0,0.4666666666666667,5.0,0.0,14.0,1.5384615384615385,4.0,1.0,60.0,969.0,444.0,2.2216637642754598,52.857142857142854,544125.8762919103,1026.343988229245,1413.0,0.01891891891891892,30.0,126.0,0.7263580949959272,30229.215349550574,156.0,10294.273335252357,36.0,0.9230769230769231,4.0,0.0,110.0,2.8205128205128207,47.0,0.0,79.0,2.0256410256410255,15.0,0.0,259.0,6.641025641025641,50.0,1.0,405.0,10.384615384615385,96.0,1.0,11.89244574267282,-16.310804899542156,6.954646633142,0.6333333333333333,0.3333333333333333,0.7083333333333334,1.0,0.0,3.0,0.0,19.0,2.0,17.0,0.5,2.0,0.0,15.0,0.7692307692307693,6.0,0.15384615384615385,1.0,0.0,24.0,0.6153846153846154,1.0,0.0,30.0
/home/dwaddington/ains4storage-explore/speckit/component-framework/crates/component-framework/benches/channel_mpsc_benchmark.rs,0.0,0.0,0.0,0.0,0.0,0.0,0.0,0.0,0.0,0.0,0.0,0.0,0.0,0.5263157894736842,3.0,0.0,20.0,1.3076923076923077,3.0,1.0,51.0,919.0,378.0,2.0431932426561987,56.189189189189186,479894.8037724884,557.6070446665628,1297.0,0.017797017797017797,22.0,74.0,0.4299206204059852,26660.82243180491,96.0,8540.69636343534,21.0,0.5384615384615384,7.0,0.0,19.0,0.48717948717948717,5.0,0.0,90.0,2.3076923076923075,31.0,13.0,245.0,6.282051282051282,90.0,26.0,285.0,7.3076923076923075,102.0,26.0,20.626166590458183,-21.27985379434905,12.062085725414143,0.7894736842105263,0.5882352941176471,2.5,2.0,0.0,4.0,0.0,30.0,20.0,10.0,0.0,0.0,0.0,0.0,0.9743589743589743,34.0,0.8717948717948718,1.0,0.0,4.0,0.10256410256410256,1.0,0.0,38.0
/home/dwaddington/ains4storage-explore/speckit/component-framework/crates/component-core/src/log.rs,0.0,0.0,0.0,0.0,0.0,0.0,0.0,0.0,0.0,0.0,0.0,0.0,0.0,0.37037037037037035,6.0,0.0,10.0,1.4411764705882353,5.0,1.0,49.0,820.0,552.0,2.18564289532899,50.62721893491124,530946.4120942344,1404.3287103536823,1372.0,0.01975222066386162,31.0,169.0,1.0235631999662407,29497.022894124133,200.0,10487.370692370921,45.0,1.3235294117647058,5.0,0.0,155.0,4.5588235294117645,38.0,0.0,96.0,2.823529411764706,18.0,0.0,235.0,6.911764705882353,32.0,5.0,434.0,12.764705882352942,75.0,5.0,13.205458038326881,-11.704527106923251,7.7224900808929124,0.7777777777777778,1.0,0.7391304347826086,1.0,0.0,2.0,0.0,21.0,4.0,17.0,0.5555555555555556,2.0,0.0,15.0,0.7941176470588235,4.0,0.11764705882352941,1.0,0.0,23.0,0.6764705882352942,1.0,0.0,27.0
/home/dwaddington/ains4storage-explore/speckit/component-framework/crates/component-core/src/channel/rtrb_spsc.rs,0.0,0.0,0.0,0.0,0.0,0.0,0.0,0.0,0.0,0.0,0.0,0.0,0.0,0.5666666666666667,7.0,0.0,17.0,1.542857142857143,5.0,1.0,54.0,1078.0,507.0,2.531532049470502,56.75373134328358,661846.1197557166,1094.062669389597,1585.0,0.01761998685075608,30.0,134.0,0.6902603592363388,36769.22887531759,164.0,11661.719927319662,34.0,0.9714285714285714,4.0,0.0,127.0,3.6285714285714286,50.0,0.0,95.0,2.7142857142857144,15.0,2.0,310.0,8.857142857142858,69.0,4.0,471.0,13.457142857142857,121.0,4.0,10.178150707514305,-19.496276166172414,5.952134916675033,0.6333333333333333,0.3333333333333333,0.7083333333333334,1.0,0.0,3.0,0.0,19.0,2.0,17.0,0.6333333333333333,3.0,0.0,19.0,0.8571428571428571,6.0,0.17142857142857143,1.0,0.0,24.0,0.6857142857142857,1.0,0.0,30.0
/home/dwaddington/ains4storage-explore/speckit/component-framework/crates/component-core/src/channel/mod.rs,0.0,0.0,0.0,0.0,0.0,0.0,0.0,0.0,0.0,0.0,0.0,0.0,0.0,2.4444444444444446,12.0,0.0,44.0,2.2432432432432434,9.0,1.0,83.0,790.0,361.0,1.930515912821088,55.53846153846154,440749.6344076688,726.8152500756943,1151.0,0.018005540166204984,28.0,91.0,0.6314641616643738,24486.090800426042,119.0,7935.935245567443,36.0,0.972972972972973,6.0,0.0,210.0,5.675675675675675,47.0,0.0,60.0,1.6216216216216217,24.0,0.0,233.0,6.297297297297297,50.0,1.0,479.0,12.945945945945946,103.0,1.0,5.236836577319522,-16.939115347213672,3.062477530596212,1.3333333333333333,0.0,1.3333333333333333,0.0,0.0,2.0,0.0,24.0,0.0,24.0,0.9444444444444444,4.0,0.0,17.0,0.4864864864864865,0.0,0.0,0.0,0.0,18.0,0.4864864864864865,1.0,0.0,18.0
/home/dwaddington/ains4storage-explore/speckit/component-framework/crates/component-core/src/channel/crossbeam_bounded.rs,0.0,0.0,0.0,0.0,0.0,0.0,0.0,0.0,0.0,0.0,0.0,0.0,0.0,0.6216216216216216,5.0,0.0,23.0,1.5,4.0,1.0,69.0,1130.0,509.0,2.5126122019761827,53.767605633802816,654440.3659727091,1162.4708088379205,1639.0,0.01859855926653569,30.0,142.0,0.7092561371799393,36357.79810959495,172.0,12171.64793295674,39.0,0.8478260869565217,4.0,0.0,123.0,2.6739130434782608,47.0,0.0,100.0,2.1739130434782608,17.0,0.0,297.0,6.456521739130435,50.0,1.0,459.0,9.978260869565217,96.0,1.0,6.923690748464821,-22.75055058851214,4.048941958166562,0.5675675675675675,0.4,0.6296296296296297,1.0,0.0,3.0,0.0,21.0,4.0,17.0,0.40540540540540543,2.0,0.0,15.0,0.8043478260869565,10.0,0.21739130434782608,1.0,0.0,27.0,0.5869565217391305,1.0,0.0,37.0
/home/dwaddington/ains4storage-explore/speckit/component-framework/crates/component-macros/src/define_component.rs,0.0,0.0,0.0,0.0,0.0,0.0,0.0,0.0,0.0,0.0,0.0,0.0,0.0,2.090909090909091,23.0,0.0,23.0,3.8461538461538463,32.0,1.0,50.0,873.0,600.0,2.7086274594493607,67.66917293233082,732496.9108318902,1085.5592817899137,1473.0,0.014777777777777779,30.0,133.0,0.7369716780651145,40694.2728239939,163.0,10824.676571182377,36.0,2.769230769230769,24.0,9.0,45.0,3.4615384615384617,24.0,3.0,65.0,5.0,46.0,19.0,309.0,23.76923076923077,217.0,79.0,390.0,30.0,265.0,91.0,14.542587718933902,-24.515283122248796,8.504437262534445,1.0,1.0,1.0,1.0,0.0,1.0,0.0,11.0,9.0,2.0,2.3636363636363638,25.0,0.0,26.0,0.8461538461538461,9.0,0.6923076923076923,1.0,0.0,2.0,0.15384615384615385,1.0,0.0,11.0
/home/dwaddington/ains4storage-explore/speckit/component-framework/crates/component-core/src/channel/tokio_mpsc.rs,0.0,0.0,0.0,0.0,0.0,0.0,0.0,0.0,0.0,0.0,0.0,0.0,0.0,0.6571428571428571,5.0,0.0,23.0,1.475,4.0,1.0,59.0,1120.0,537.0,2.552377279700196,54.45104895104895,670037.6197146324,1164.7430500180092,1657.0,0.018365119116419443,29.0,143.0,0.7029227821472596,37224.312206368464,172.0,12305.320698541376,36.0,0.9,4.0,0.0,117.0,2.925,47.0,0.0,101.0,2.525,17.0,0.0,303.0,7.575,56.0,4.0,456.0,11.4,102.0,4.0,9.27312395616238,-20.98374604383413,5.422879506527707,0.5714285714285714,0.3333333333333333,0.6538461538461539,1.0,0.0,3.0,0.0,20.0,3.0,17.0,0.42857142857142855,2.0,0.0,15.0,0.875,9.0,0.225,1.0,0.0,26.0,0.65,1.0,0.0,35.0
/home/dwaddington/ains4storage-explore/speckit/component-framework/crates/component-core/src/numa/cpuset.rs,0.0,0.0,0.0,0.0,0.0,0.0,0.0,0.0,0.0,0.0,0.0,0.0,0.0,0.358974358974359,4.0,0.0,14.0,1.4893617021276595,5.0,1.0,70.0,871.0,486.0,2.426186615322026,63.30252100840336,620966.5206075708,974.0633994556384,1357.0,0.015797159166334795,31.0,119.0,0.7178064844919959,34498.14003375393,150.0,9809.50696300291,47.0,1.0,10.0,0.0,199.0,4.23404255319149,126.0,0.0,103.0,2.1914893617021276,19.0,0.0,265.0,5.638297872340425,55.0,1.0,509.0,10.829787234042554,191.0,1.0,6.140584209929727,-18.507977748217236,3.59098491808756,0.5641025641025641,1.0,0.5405405405405406,1.0,0.0,2.0,0.0,22.0,2.0,20.0,0.8205128205128205,4.0,0.0,32.0,0.8297872340425532,2.0,0.0425531914893617,1.0,0.0,37.0,0.7872340425531915,1.0,0.0,39.0
/home/dwaddington/ains4storage-explore/speckit/component-framework/crates/component-core/src/channel/spsc.rs,0.0,0.0,0.0,0.0,0.0,0.0,0.0,0.0,0.0,0.0,0.0,0.0,0.0,0.5588235294117647,7.0,0.0,19.0,1.3513513513513513,5.0,1.0,50.0,1223.0,604.0,2.7516615595551834,55.0945945945946,750022.6990982719,1195.3810606714983,1827.0,0.018150600932057885,27.0,148.0,0.6542862948393532,41667.927727681774,175.0,13613.362701317665,51.0,1.3783783783783783,8.0,0.0,135.0,3.6486486486486487,75.0,0.0,121.0,3.27027027027027,16.0,2.0,325.0,8.783783783783784,66.0,4.0,511.0,13.81081081081081,149.0,4.0,8.973015506000323,-21.926805436192325,5.247377488889077,0.38235294117647056,0.0,0.4642857142857143,0.0,0.0,3.0,0.0,13.0,0.0,13.0,0.4117647058823529,3.0,0.0,14.0,0.918918918918919,6.0,0.16216216216216217,1.0,0.0,28.0,0.7567567567567568,1.0,0.0,34.0
/home/dwaddington/ains4storage-explore/speckit/component-framework/crates/component-core/src/channel/mpsc.rs,0.0,0.0,0.0,0.0,0.0,0.0,0.0,0.0,0.0,0.0,0.0,0.0,0.0,1.558139534883721,12.0,0.0,67.0,1.9830508474576272,9.0,1.0,117.0,1629.0,746.0,3.955356668255483,70.74137931034483,1292588.71281417,1461.5371742165075,2375.0,0.014135998050207165,33.0,174.0,0.615384073354319,71810.48404523166,207.0,18272.031524060898,68.0,1.152542372881356,8.0,0.0,201.0,3.406779661016949,83.0,0.0,156.0,2.6440677966101696,24.0,0.0,454.0,7.694915254237288,64.0,1.0,723.0,12.254237288135593,155.0,1.0,-13.589488955117417,-46.944259235158505,0.0,0.813953488372093,0.0,0.9459459459459459,0.0,0.0,3.0,0.0,35.0,0.0,35.0,0.6511627906976745,4.0,0.0,28.0,0.7288135593220338,6.0,0.1016949152542373,1.0,0.0,37.0,0.6271186440677966,1.0,0.0,43.0
/home/dwaddington/ains4storage-explore/speckit/component-framework/crates/component-core/src/channel/queue.rs,0.0,0.0,0.0,0.0,0.0,0.0,0.0,0.0,0.0,0.0,0.0,0.0,0.0,0.9821428571428571,7.0,0.0,55.0,1.7142857142857142,6.0,1.0,120.0,1848.0,1023.0,6.39040477768331,124.22142857142858,2654449.294968088,1171.0733589748068,2871.0,0.008050140877465355,34.0,140.0,0.407897373380288,147469.4052760049,174.0,21368.690776581698,107.0,1.5285714285714285,15.0,0.0,272.0,3.8857142857142857,73.0,0.0,228.0,3.257142857142857,31.0,0.0,535.0,7.642857142857143,80.0,1.0,908.0,12.971428571428572,165.0,1.0,-18.78450575915417,-53.08798060634503,0.0,0.4107142857142857,0.3333333333333333,0.42,1.0,0.0,2.0,0.0,23.0,2.0,21.0,0.35714285714285715,3.0,0.0,20.0,0.8,6.0,0.08571428571428572,1.0,0.0,50.0,0.7142857142857143,1.0,0.0,56.0
/home/dwaddington/ains4storage-explore/speckit/component-framework/crates/component-core/src/actor.rs,0.0,0.0,0.0,0.0,0.0,0.0,0.0,0.0,0.0,0.0,0.0,0.0,0.0,0.3125,10.0,0.0,25.0,1.4271844660194175,8.0,1.0,147.0,2041.0,940.0,4.679364018223446,70.72815533980582,1663267.6049308272,1736.9991942217362,2981.0,0.014138641043239534,31.0,206.0,0.5826901020535847,92403.7558294904,237.0,23516.34362496571,105.0,1.0194174757281553,20.0,0.0,357.0,3.466019417475728,137.0,0.0,177.0,1.7184466019417475,37.0,0.0,587.0,5.699029126213592,133.0,1.0,1046.0,10.155339805825243,289.0,1.0,-27.78454888831142,-61.49507708037881,0.0,1.075,0.875,1.1607142857142858,1.0,0.0,3.0,0.0,86.0,21.0,65.0,0.3,4.0,0.0,24.0,0.7766990291262136,24.0,0.23300970873786409,1.0,0.0,56.0,0.5436893203883495,1.0,0.0,80.0
